	3632887	415	other-empty	!!
	3632887	113	other-google	!!
	3632887	33	other-wikipedia	!!
	600744	25	other-yahoo	!!!
	600744	1193	other-google	!!!
	600744	1065	other-empty	!!!
25014178	600744	44	Jerry_Fuchs	!!!
34552784	600744	11	Flight_Facilities	!!!
4499	600744	21	Band	!!!
1446971	600744	14	Gold_Standard_Laboratories	!!!
8526330	600744	70	Myth_Takes	!!!
1507641	600744	139	LCD_Soundsystem	!!!
2064029	600744	31	Out_Hud	!!!
26780719	600744	40	List_of_post-punk_revival_bands	!!!
39256216	600744	95	Thr!!!er	!!!
11184232	600744	35	Tony_Hawk's_Proving_Ground	!!!
1327495	600744	11	Sziget_Festival	!!!
156725	600744	110	Warp_(record_label)	!!!
29631	600744	14	Sacramento,_California	!!!
	600744	136	other	!!!
929155	600744	31	Touch_and_Go_Records	!!!
40604381	600744	88	Grand_Theft_Auto_V_soundtrack	!!!
11108427	600744	21	FIFA_08	!!!
7712754	600744	14	Exclamation_mark	!!!
12730440	600744	33	Grand_Theft_Auto_IV_soundtrack	!!!
7007982	600744	11	New_rave	!!!
558500	600744	105	List_of_alternative_rock_artists	!!!
870667	600744	14	Pressure_Chief	!!!
	600744	210	other-wikipedia	!!!
	600744	17	other-bing	!!!
14172091	600744	11	St_Jerome's_Laneway_Festival	!!!
3768982	600744	22	Tsk_Tsk_Tsk	!!!
26762896	600744	17	This_Is_Happening	!!!
3259409	600744	20	The_Juan_MacLean	!!!
3140017	600744	20	Jim_Eno	!!!
40022038	600744	14	List_of_people_from_Sacramento,_California	!!!
2061699	600744	33	Louden_Up_Now	!!!
18636054	600744	15	Nic_Offer	!!!
15580374	600744	105	Main_Page	!!!
2490600	600744	105	James_Murphy_(electronic_musician)	!!!
1803975	600744	53	Dance-punk	!!!
64486	600744	63	!_(disambiguation)	!!!
3632887	600744	29	!!	!!!
2556962	600744	56	!!!_(album)	!!!
	2556962	332	other-empty	!!!_(album)
2061699	2556962	25	Louden_Up_Now	!!!_(album)
600744	2556962	328	!!!	!!!_(album)
	2556962	18	other-google	!!!_(album)
	2556962	25	other-wikipedia	!!!_(album)
	6893310	200	other-empty	!Hero_(album)
	6893310	21	other-google	!Hero_(album)
1921683	6893310	26	!Hero	!Hero_(album)
	2516600	432	other-empty	!Kung_language
	2516600	197	other-google	!Kung_language
1758827	2516600	154	ǃKung_people	!Kung_language
22980	2516600	74	Phoneme	!Kung_language
	2516600	20	other	!Kung_language
261237	2516600	21	The_Gods_Must_Be_Crazy	!Kung_language
247700	2516600	12	Xu_language	!Kung_language
	2516600	29	other-wikipedia	!Kung_language
1383618	2516600	33	Mama_and_papa	!Kung_language
7863678	2516600	12	List_of_endangered_languages_in_Africa	!Kung_language
524854	2516600	20	Alveolar_clicks	!Kung_language
34314219	2516600	11	Ekoka_!Kung	!Kung_language
27164415	2516600	100	Contents_of_the_Voyager_Golden_Record	!Kung_language
524853	2516600	21	Palatal_nasal	!Kung_language
17333	2516600	45	Khoisan_languages	!Kung_language
713020	2516600	56	Juǀ'hoan_dialect	!Kung_language
	29988427	300	other-empty	!Women_Art_Revolution
	29988427	93	other-google	!Women_Art_Revolution
	29988427	24	other-wikipedia	!Women_Art_Revolution
420777	29988427	14	Zeitgeist_Films	!Women_Art_Revolution
6814223	29988427	23	Lynn_Hershman_Leeson	!Women_Art_Revolution
1686995	29988427	27	Carrie_Brownstein	!Women_Art_Revolution
	64486	650	other-empty	!_(disambiguation)
	64486	226	other-google	!_(disambiguation)
	64486	23	other-wikipedia	!_(disambiguation)
600744	64486	14	!!!	!_(disambiguation)
7712754	64486	237	Exclamation_mark	!_(disambiguation)
	16250456	145	other-empty	"B"_Is_for_Burglar
	16250456	104	other-google	"B"_Is_for_Burglar
470006	16250456	40	Sue_Grafton	"B"_Is_for_Burglar
2301720	16250456	17	Kinsey_Millhone	"B"_Is_for_Burglar
1282996	16250456	59	"A"_Is_for_Alibi	"B"_Is_for_Burglar
	16250456	20	other-wikipedia	"B"_Is_for_Burglar
	1118809	24	other-yahoo	"Crocodile"_Dundee_II
	1118809	895	other-google	"Crocodile"_Dundee_II
693780	1118809	399	Paul_Hogan	"Crocodile"_Dundee_II
331586	1118809	1867	"Crocodile"_Dundee	"Crocodile"_Dundee_II
2564144	1118809	208	Crocodile_Dundee_in_Los_Angeles	"Crocodile"_Dundee_II
70209	1118809	27	Cinema_of_Australia	"Crocodile"_Dundee_II
331460	1118809	11	Bowie_knife	"Crocodile"_Dundee_II
2259599	1118809	11	Susie_Essman	"Crocodile"_Dundee_II
	1118809	203	other-wikipedia	"Crocodile"_Dundee_II
	1118809	24	other-bing	"Crocodile"_Dundee_II
171292	1118809	111	1988_in_film	"Crocodile"_Dundee_II
19824417	1118809	15	List_of_action_films_of_the_1980s	"Crocodile"_Dundee_II
	1118809	27	other	"Crocodile"_Dundee_II
657547	1118809	38	Stephen_Root	"Crocodile"_Dundee_II
	1118809	335	other-empty	"Crocodile"_Dundee_II
2321513	1118809	81	John_Meillon	"Crocodile"_Dundee_II
10670306	1118809	18	Michael_"Crocodile"_Dundee	"Crocodile"_Dundee_II
1422400	1118809	18	Linda_Kozlowski	"Crocodile"_Dundee_II
	39304968	104	other-empty	"David_Hockney:_A_Bigger_Picture"_in_Bilbao
1728819	39304968	15	Brian_Sewell	"David_Hockney:_A_Bigger_Picture"_in_Bilbao
238341	39304968	67	David_Hockney	"David_Hockney:_A_Bigger_Picture"_in_Bilbao
	39304968	170	other-google	"David_Hockney:_A_Bigger_Picture"_in_Bilbao
	39304968	18	other-wikipedia	"David_Hockney:_A_Bigger_Picture"_in_Bilbao
	16251903	98	other-empty	"E"_Is_for_Evidence
470006	16251903	24	Sue_Grafton	"E"_Is_for_Evidence
	16251903	36	other-google	"E"_Is_for_Evidence
16250593	16251903	32	"D"_Is_for_Deadbeat	"E"_Is_for_Evidence
2301720	16251903	12	Kinsey_Millhone	"E"_Is_for_Evidence
	37001055	135	other-empty	"False_positives"_scandal
	37001055	87	other-google	"False_positives"_scandal
	37001055	23	other-wikipedia	"False_positives"_scandal
470006	16204072	18	Sue_Grafton	"H"_Is_for_Homicide
	16204072	92	other-empty	"H"_Is_for_Homicide
	16204072	24	other-google	"H"_Is_for_Homicide
16203597	16204072	29	"G"_Is_for_Gumshoe	"H"_Is_for_Homicide
	16204072	11	other-wikipedia	"H"_Is_for_Homicide
	3239642	831	other-empty	"Heroes"_(David_Bowie_song)
	3239642	61	other	"Heroes"_(David_Bowie_song)
883719	3239642	29	The_Wallflowers	"Heroes"_(David_Bowie_song)
32680056	3239642	207	What_Makes_You_Beautiful	"Heroes"_(David_Bowie_song)
	3239642	34	other-yahoo	"Heroes"_(David_Bowie_song)
	3239642	6793	other-google	"Heroes"_(David_Bowie_song)
30265620	3239642	230	The_Perks_of_Being_a_Wallflower_(film)	"Heroes"_(David_Bowie_song)
	3239642	35	other-bing	"Heroes"_(David_Bowie_song)
	3239642	588	other-wikipedia	"Heroes"_(David_Bowie_song)
42799037	3239642	58	On_the_Road_Again_Tour	"Heroes"_(David_Bowie_song)
11327948	3239642	557	Heroes	"Heroes"_(David_Bowie_song)
43959305	3239642	885	Heroes_(We_Could_Be)	"Heroes"_(David_Bowie_song)
33300243	3239642	44	Janelle_Monáe_discography	"Heroes"_(David_Bowie_song)
17469699	3239642	14	Heroes:_Original_Soundtrack	"Heroes"_(David_Bowie_song)
1261557	3239642	1015	"Heroes"	"Heroes"_(David_Bowie_song)
5279464	3239642	12	Changesbowie	"Heroes"_(David_Bowie_song)
39176625	3239642	12	List_of_One_Direction_members	"Heroes"_(David_Bowie_song)
37362454	3239642	174	List_of_songs_recorded_by_One_Direction	"Heroes"_(David_Bowie_song)
15660194	3239642	42	Blondie_discography	"Heroes"_(David_Bowie_song)
38137300	3239642	20	Jessica_Lange_discography	"Heroes"_(David_Bowie_song)
2242811	3239642	29	Best_of_Bowie	"Heroes"_(David_Bowie_song)
8533	3239642	11	Depeche_Mode	"Heroes"_(David_Bowie_song)
43784198	3239642	61	Nothing_Has_Changed_(album)	"Heroes"_(David_Bowie_song)
43035979	3239642	26	Pepsi_Beats_of_the_Beautiful_Game	"Heroes"_(David_Bowie_song)
38927316	3239642	56	Lone_Survivor_(film)	"Heroes"_(David_Bowie_song)
	17495549	141	other-google	"I_Want"_song
	17495549	155	other-empty	"I_Want"_song
	17495549	32	other	"I_Want"_song
41895775	17495549	35	For_the_First_Time_in_Forever	"I_Want"_song
10090698	17495549	28	Part_of_Your_World	"I_Want"_song
	32066421	85	other-empty	"In"_Jazz_for_the_Culture_Set
3819827	32066421	18	Dannie_Richmond	"In"_Jazz_for_the_Culture_Set
470006	16252523	24	Sue_Grafton	"K"_Is_for_Killer
16252208	16252523	29	"J"_Is_for_Judgment	"K"_Is_for_Killer
	16252523	99	other-empty	"K"_Is_for_Killer
	16252523	55	other-google	"K"_Is_for_Killer
	487976	44	other-google	"King"_Bennie_Nawahi
	487976	121	other-empty	"King"_Bennie_Nawahi
	38499517	218	other-google	"Left-Wing"_Communism:_An_Infantile_Disorder
	38499517	140	other-empty	"Left-Wing"_Communism:_An_Infantile_Disorder
302252	38499517	34	Council_communism	"Left-Wing"_Communism:_An_Infantile_Disorder
3661758	38499517	11	Libertarian_Marxism	"Left-Wing"_Communism:_An_Infantile_Disorder
	38499517	45	other-wikipedia	"Left-Wing"_Communism:_An_Infantile_Disorder
242476	38499517	14	Jack_Straw	"Left-Wing"_Communism:_An_Infantile_Disorder
18687	38499517	13	Leninism	"Left-Wing"_Communism:_An_Infantile_Disorder
420150	38499517	12	The_State_and_Revolution	"Left-Wing"_Communism:_An_Infantile_Disorder
	1393317	98	other-empty	"Little"_North_Western_Railway
	1393317	49	other-google	"Little"_North_Western_Railway
	28480474	19	other-google	"M"_Circle
	28480474	95	other-empty	"M"_Circle
470006	16252603	26	Sue_Grafton	"M"_Is_for_Malice
	16252603	13	other	"M"_Is_for_Malice
	16252603	88	other-empty	"M"_Is_for_Malice
	16252603	55	other-google	"M"_Is_for_Malice
2301720	16252603	11	Kinsey_Millhone	"M"_Is_for_Malice
16252578	16252603	30	"L"_Is_for_Lawless	"M"_Is_for_Malice
	16252712	71	other-empty	"N"_Is_for_Noose
470006	16252712	28	Sue_Grafton	"N"_Is_for_Noose
	16252712	30	other-google	"N"_Is_for_Noose
16252603	16252712	31	"M"_Is_for_Malice	"N"_Is_for_Noose
	11898394	80	other-empty	"No_Snow,_No_Show"_for_the_Eskimo
	11898394	22	other-google	"No_Snow,_No_Show"_for_the_Eskimo
6626648	11898394	58	Masque_(The_Mission_album)	"No_Snow,_No_Show"_for_the_Eskimo
7667095	42902625	23	The_Flowers_of_Hell	"O"_(Flowers_of_Hell_album)
	42902625	82	other-empty	"O"_(Flowers_of_Hell_album)
	16252757	79	other-empty	"O"_Is_for_Outlaw
	16252757	30	other-google	"O"_Is_for_Outlaw
470006	16252757	32	Sue_Grafton	"O"_Is_for_Outlaw
16252712	16252757	27	"N"_Is_for_Noose	"O"_Is_for_Outlaw
	43675070	93	other-empty	"Our_Contemporary"_regional_art_exhibition_(Leningrad,_1975)
	43675070	41	other-wikipedia	"Our_Contemporary"_regional_art_exhibition_(Leningrad,_1975)
	3874841	252	other-facebook	"Polish_death_camp"_controversy
	3874841	1501	other-google	"Polish_death_camp"_controversy
	3874841	23	other-yahoo	"Polish_death_camp"_controversy
	3874841	85	other-twitter	"Polish_death_camp"_controversy
	3874841	717	other-empty	"Polish_death_camp"_controversy
37088665	3874841	16	World_War_II_casualties_of_Poland	"Polish_death_camp"_controversy
	3874841	810	other	"Polish_death_camp"_controversy
	3874841	32	other-bing	"Polish_death_camp"_controversy
	3874841	314	other-wikipedia	"Polish_death_camp"_controversy
1429917	3874841	48	Anti-Polish_sentiment	"Polish_death_camp"_controversy
2006	3874841	3630	Auschwitz_concentration_camp	"Polish_death_camp"_controversy
30928643	3874841	44	Agency_114	"Polish_death_camp"_controversy
354807	3874841	17	Jan_Karski	"Polish_death_camp"_controversy
10858944	3874841	20	Poland–United_States_relations	"Polish_death_camp"_controversy
16895716	3874841	47	Polish_Righteous_Among_the_Nations	"Polish_death_camp"_controversy
65651	3874841	342	Holocaust_denial	"Polish_death_camp"_controversy
63401	3874841	238	Stephen_Fry	"Polish_death_camp"_controversy
	4686746	105	other-empty	"Rags"_Ragland
	4686746	123	other-google	"Rags"_Ragland
	35511155	82	other-empty	"Ridgeriders"_in_Concert
	18756772	106	other-empty	"Rommel?"_"Gunner_Who?"
	18756772	27	other-google	"Rommel?"_"Gunner_Who?"
	18756772	13	other	"Rommel?"_"Gunner_Who?"
28698	18756772	42	Spike_Milligan	"Rommel?"_"Gunner_Who?"
13823852	18756772	30	Adolf_Hitler:_My_Part_in_His_Downfall	"Rommel?"_"Gunner_Who?"
470006	16254019	27	Sue_Grafton	"T"_Is_for_Trespass
	16254019	63	other-empty	"T"_Is_for_Trespass
	16254019	20	other-google	"T"_Is_for_Trespass
2301720	16254019	17	Kinsey_Millhone	"T"_Is_for_Trespass
16253763	16254019	21	"S"_Is_for_Silence	"T"_Is_for_Trespass
2559144	23616852	12	U.K._Subs	"The_Spaghetti_Incident?"
	23616852	511	other-empty	"The_Spaghetti_Incident?"
44735	23616852	34	Sharon_Tate	"The_Spaghetti_Incident?"
4468910	23616852	24	You_Can't_Put_Your_Arms_Around_a_Memory	"The_Spaghetti_Incident?"
2919738	23616852	20	You_Could_Be_Mine	"The_Spaghetti_Incident?"
97778	23616852	480	Slash_(musician)	"The_Spaghetti_Incident?"
	23616852	33	other	"The_Spaghetti_Incident?"
4442660	23616852	19	Since_I_Don't_Have_You	"The_Spaghetti_Incident?"
	23616852	48	other-yahoo	"The_Spaghetti_Incident?"
	23616852	1960	other-google	"The_Spaghetti_Incident?"
	23616852	17	other-twitter	"The_Spaghetti_Incident?"
329882	23616852	11	Johnny_Thunders	"The_Spaghetti_Incident?"
42196437	23616852	13	List_of_songs_recorded_by_Guns_N'_Roses	"The_Spaghetti_Incident?"
126886	23616852	13	Misfits_(band)	"The_Spaghetti_Incident?"
11059521	23616852	41	List_of_Guns_N'_Roses_band_members	"The_Spaghetti_Incident?"
2241015	23616852	18	Michael_Monroe	"The_Spaghetti_Incident?"
8378133	23616852	52	Look_at_Your_Game,_Girl	"The_Spaghetti_Incident?"
160804	23616852	12	1993_in_music	"The_Spaghetti_Incident?"
401269	23616852	34	G_N'_R_Lies	"The_Spaghetti_Incident?"
2773076	23616852	2666	Guns_N'_Roses	"The_Spaghetti_Incident?"
7253190	23616852	977	Guns_N'_Roses_discography	"The_Spaghetti_Incident?"
8378368	23616852	78	Ain't_It_Fun_(The_Dead_Boys_song)	"The_Spaghetti_Incident?"
889446	23616852	55	Gilby_Clarke	"The_Spaghetti_Incident?"
42635	23616852	41	Charles_Manson	"The_Spaghetti_Incident?"
150056	23616852	460	Axl_Rose	"The_Spaghetti_Incident?"
402205	23616852	15	Fear_(band)	"The_Spaghetti_Incident?"
967007	23616852	610	Chinese_Democracy	"The_Spaghetti_Incident?"
194367	23616852	21	Appetite_for_Destruction	"The_Spaghetti_Incident?"
11428602	23616852	47	Hair_of_the_Dog_(song)	"The_Spaghetti_Incident?"
1578251	23616852	24	Live_Era_'87–'93	"The_Spaghetti_Incident?"
627701	23616852	41	Duff_McKagan	"The_Spaghetti_Incident?"
26040413	23616852	11	Duff_McKagan_discography	"The_Spaghetti_Incident?"
625393	23616852	33	Dizzy_Reed	"The_Spaghetti_Incident?"
1461942	23616852	36	Greatest_Hits_(Guns_N'_Roses_album)	"The_Spaghetti_Incident?"
591530	23616852	28	Nazareth_(band)	"The_Spaghetti_Incident?"
625406	23616852	25	Matt_Sorum	"The_Spaghetti_Incident?"
1624250	23616852	29	New_Rose	"The_Spaghetti_Incident?"
681529	23616852	15	Louder_Than_Love	"The_Spaghetti_Incident?"
	23616852	57	other-bing	"The_Spaghetti_Incident?"
12981266	23616852	48	Zodiac_Killer_in_popular_culture	"The_Spaghetti_Incident?"
349263	23616852	31	Use_Your_Illusion_I	"The_Spaghetti_Incident?"
20580485	23616852	16	The_"Civil_War"_EP	"The_Spaghetti_Incident?"
474176	23616852	1473	Use_Your_Illusion_II	"The_Spaghetti_Incident?"
	23616852	148	other-wikipedia	"The_Spaghetti_Incident?"
	842658	39	other	"V"_Device
23736968	842658	32	Tim_Kennedy_(fighter)	"V"_Device
	842658	521	other-empty	"V"_Device
	842658	16	other-yahoo	"V"_Device
	842658	927	other-google	"V"_Device
	842658	20	other-bing	"V"_Device
	842658	68	other-wikipedia	"V"_Device
859052	842658	12	Organizational_Excellence_Award	"V"_Device
1838281	842658	24	Lawrence_Colburn	"V"_Device
41743462	842658	35	Military_career_of_Audie_Murphy	"V"_Device
9739167	842658	21	Ed_Freeman	"V"_Device
37018641	842658	28	2012_Benghazi_attack	"V"_Device
4972	842658	859	Bronze_Star_Medal	"V"_Device
362987	842658	824	Audie_Murphy	"V"_Device
6646974	842658	12	George_Ray_Tweed	"V"_Device
418311	842658	12	Creighton_Abrams	"V"_Device
274451	842658	12	Eric_Shinseki	"V"_Device
39605003	842658	67	Kristin_Beck	"V"_Device
5122699	842658	25	John_Kerry	"V"_Device
40331925	842658	164	Medal_of_Honor	"V"_Device
20998690	842658	94	Joseph_F._Dunford,_Jr.	"V"_Device
40977351	842658	20	Recipients_of_the_Legion_of_Merit	"V"_Device
750263	842658	13	Air_Medal	"V"_Device
101035	842658	86	Commendation_Medal	"V"_Device
1470176	842658	16	James_Mattis	"V"_Device
164419	842658	11	Chesty_Puller	"V"_Device
38487950	842658	38	Audie_Murphy_honors_and_awards	"V"_Device
768481	842658	22	George_Patton_IV	"V"_Device
34271398	842658	1066	Chris_Kyle	"V"_Device
348856	842658	154	James_L._Dozier	"V"_Device
2098292	842658	78	United_States_military_award_devices	"V"_Device
33622887	12571133	27	Conditions_of_My_Parole	"V"_Is_for_Vagina
15331615	12571133	15	Maynard_James_Keenan_discography	"V"_Is_for_Vagina
	12571133	19	other	"V"_Is_for_Vagina
147692	12571133	59	Tim_Alexander	"V"_Is_for_Vagina
222217	12571133	36	Tim_Commerford	"V"_Is_for_Vagina
	12571133	40	other-wikipedia	"V"_Is_for_Vagina
	12571133	272	other-google	"V"_Is_for_Vagina
	12571133	161	other-empty	"V"_Is_for_Vagina
37913400	12571133	14	Donkey_Punch_the_Night	"V"_Is_for_Vagina
920501	12571133	345	Maynard_James_Keenan	"V"_Is_for_Vagina
11861530	12571133	17	Jarboe	"V"_Is_for_Vagina
16079543	12571133	27	"V"_Is_for_Viagra._The_Remixes	"V"_Is_for_Vagina
25033979	12571133	29	"C"_is_for_(Please_Insert_Sophomoric_Genitalia_Reference_HERE)	"V"_Is_for_Vagina
13408733	12571133	16	Cuntry_Boner	"V"_Is_for_Vagina
4619790	12571133	1258	Puscifer	"V"_Is_for_Vagina
39606873	31438273	15	"W"_Is_for_Wasted	"V"_Is_for_Vengeance
2301720	31438273	20	Kinsey_Millhone	"V"_Is_for_Vengeance
25577776	31438273	29	"U"_Is_for_Undertow	"V"_Is_for_Vengeance
470006	31438273	56	Sue_Grafton	"V"_Is_for_Vengeance
	31438273	92	other-empty	"V"_Is_for_Vengeance
	31438273	100	other-google	"V"_Is_for_Vengeance
	4186512	103	other-empty	"Weird_Al"_Yankovic:_The_Ultimate_Collection
	4186512	12	other-google	"Weird_Al"_Yankovic:_The_Ultimate_Collection
	4015758	64	other-google	"Weird_Al"_Yankovic:_The_Ultimate_Video_Collection
7630017	4015758	20	"Weird_Al"_Yankovic_discography	"Weird_Al"_Yankovic:_The_Ultimate_Video_Collection
4161738	4015758	12	"Weird_Al"_Yankovic_Live!	"Weird_Al"_Yankovic:_The_Ultimate_Video_Collection
	4015758	97	other-empty	"Weird_Al"_Yankovic:_The_Ultimate_Video_Collection
	4186750	121	other-empty	"Weird_Al"_Yankovic:_The_Videos
	4186750	16	other-google	"Weird_Al"_Yankovic:_The_Videos
2018105	4186750	15	List_of_songs_recorded_by_"Weird_Al"_Yankovic	"Weird_Al"_Yankovic:_The_Videos
	33246249	90	other-empty	"Weird_Al"_Yankovic_Live!:_The_Alpocalypse_Tour
	33246249	80	other-google	"Weird_Al"_Yankovic_Live!:_The_Alpocalypse_Tour
	33246249	13	other-wikipedia	"Weird_Al"_Yankovic_Live!:_The_Alpocalypse_Tour
4161738	33246249	13	"Weird_Al"_Yankovic_Live!	"Weird_Al"_Yankovic_Live!:_The_Alpocalypse_Tour
18938265	33246249	93	"Weird_Al"_Yankovic	"Weird_Al"_Yankovic_Live!:_The_Alpocalypse_Tour
43070100	33246249	14	Mandatory_Fun	"Weird_Al"_Yankovic_Live!:_The_Alpocalypse_Tour
4015758	33246249	11	"Weird_Al"_Yankovic:_The_Ultimate_Video_Collection	"Weird_Al"_Yankovic_Live!:_The_Alpocalypse_Tour
	37813210	33	other-google	"Where_Are_Your_Keys?"
	37813210	62	other-empty	"Where_Are_Your_Keys?"
10077425	37813210	25	Alutiiq_language	"Where_Are_Your_Keys?"
	41363180	50	other-empty	"Yes,_And"_rule
	41363180	11	other-google	"Yes,_And"_rule
	20320884	162	other-empty	$100,000_Fortune_Hunt
	20320884	18	other-google	$100,000_Fortune_Hunt
	12962213	44	other-google	$100_Bill_Y'all
	12962213	73	other-empty	$100_Bill_Y'all
12916325	12962213	25	Until_We_Rich	$100_Bill_Y'all
1504216	12962213	46	Greatest_Hits_(Ice_Cube_album)	$100_Bill_Y'all
10121477	12962213	15	Ice_Cube_discography	$100_Bill_Y'all
	39007767	100	other-empty	$100_Guitar_Project
	39007767	40	other-google	$100_Guitar_Project
15608128	39007767	26	Ibanez_Jet_King	$100_Guitar_Project
	39007767	17	other	$100_Guitar_Project
	37190051	11	other-google	$24_in_24
	37190051	84	other-empty	$24_in_24
32825121	37190051	58	Jeff_Mauro	$24_in_24
2970800	37190051	27	List_of_programs_broadcast_by_the_Food_Network	$24_in_24
429120	1245168	25	List_of_reality_television_programs	$25_Million_Dollar_Hoax
	1245168	18	other-google	$25_Million_Dollar_Hoax
	1245168	73	other-empty	$25_Million_Dollar_Hoax
300567	1245168	29	Hidden_camera	$25_Million_Dollar_Hoax
1023249	1245168	36	George_Gray_(television_personality)	$25_Million_Dollar_Hoax
	13897734	115	other-empty	$3
	13897734	12	other-google	$3
	28771472	57	other-empty	$30_Film_School
	23246578	138	other-empty	$5_Cover
	23246578	36	other-google	$5_Cover
2407363	23246578	18	Craig_Brewer	$5_Cover
21855864	23246578	20	List_of_Web_television_series	$5_Cover
4826805	23246578	41	List_of_programs_broadcast_by_MTV	$5_Cover
25686084	23246578	14	Muck_Sticky	$5_Cover
3501768	23246578	21	Lucero_(band)	$5_Cover
18361366	23246578	14	Clare_Grant	$5_Cover
801116	4213160	41	Richard_Brooks	$_(film)
	4213160	177	other-empty	$_(film)
	4213160	78	other-google	$_(film)
	4213160	21	other-yahoo	$_(film)
12379987	4213160	16	List_of_crime_films_of_the_1970s	$_(film)
313518	4213160	37	Gert_Fröbe	$_(film)
1022198	4213160	20	Heist	$_(film)
171680	4213160	12	1971_in_film	$_(film)
12746984	4213160	18	List_of_thriller_films_of_the_1970s	$_(film)
	4213160	23	other-wikipedia	$_(film)
62809	4213160	125	Warren_Beatty	$_(film)
3361673	4213160	22	Town_&_Country_(film)	$_(film)
48071	4213160	205	Goldie_Hawn	$_(film)
	1831030	299	other-empty	$pringfield_(or,_How_I_Learned_to_Stop_Worrying_and_Love_Legalized_Gambling)
	1831030	853	other-google	$pringfield_(or,_How_I_Learned_to_Stop_Worrying_and_Love_Legalized_Gambling)
2011385	1831030	13	Homer_the_Vigilante	$pringfield_(or,_How_I_Learned_to_Stop_Worrying_and_Love_Legalized_Gambling)
15580374	1831030	15	Main_Page	$pringfield_(or,_How_I_Learned_to_Stop_Worrying_and_Love_Legalized_Gambling)
3605255	1831030	34	The_Last_Temptation_of_Homer	$pringfield_(or,_How_I_Learned_to_Stop_Worrying_and_Love_Legalized_Gambling)
4939444	1831030	92	The_Simpsons_(season_5)	$pringfield_(or,_How_I_Learned_to_Stop_Worrying_and_Love_Legalized_Gambling)
	1831030	37	other-wikipedia	$pringfield_(or,_How_I_Learned_to_Stop_Worrying_and_Love_Legalized_Gambling)
140332	1831030	166	List_of_The_Simpsons_episodes	$pringfield_(or,_How_I_Learned_to_Stop_Worrying_and_Love_Legalized_Gambling)
	3092534	19	other-google	&_(Ayumi_Hamasaki_EP)
	3092534	64	other-empty	&_(Ayumi_Hamasaki_EP)
3587200	3092534	26	Ayumi_Hamasaki_discography	&_(Ayumi_Hamasaki_EP)
3136056	3092534	16	Voyage_(Ayumi_Hamasaki_song)	&_(Ayumi_Hamasaki_EP)
1898986	3092534	12	Memorial_Address	&_(Ayumi_Hamasaki_EP)
	6591080	45	other-empty	&_You_Revolution
	14357119	72	other-empty	'38_–_Vienna_Before_the_Fall
	9567817	15	other	'40s_on_4
	9567817	90	other-empty	'40s_on_4
37940355	9567817	58	List_of_Sirius_XM_Radio_channels	'40s_on_4
	9567817	77	other-google	'40s_on_4
	17861167	58	other-empty	'47_(magazine)
	12249923	85	other-empty	'48_(novel)
	12249923	54	other-google	'48_(novel)
177183	12249923	20	British_Union_of_Fascists	'48_(novel)
23335764	12249923	223	Axis_victory_in_World_War_II	'48_(novel)
602725	12249923	114	James_Herbert	'48_(novel)
	41615563	50	other-empty	'48_Smallholders_Party
	9869234	95	other-empty	'50s_on_5
	9869234	48	other-google	'50s_on_5
37940355	9869234	40	List_of_Sirius_XM_Radio_channels	'50s_on_5
	4830583	49	other	'60s_on_6
	4830583	122	other-empty	'60s_on_6
	4830583	37	other-yahoo	'60s_on_6
	4830583	379	other-google	'60s_on_6
37940355	4830583	58	List_of_Sirius_XM_Radio_channels	'60s_on_6
2059759	4830583	21	Bruce_Morrow	'60s_on_6
	4830583	18	other-wikipedia	'60s_on_6
	4830583	48	other-bing	'60s_on_6
	39357624	14	other-wikipedia	'68_(comic_book)
34655	39357624	13	1968	'68_(comic_book)
	39357624	96	other-empty	'68_(comic_book)
	39357624	257	other-google	'68_(comic_book)
	3876844	111	other-empty	'70s_on_7
	3876844	62	other-google	'70s_on_7
	3876844	11	other-wikipedia	'70s_on_7
4830583	3876844	22	'60s_on_6	'70s_on_7
37940355	3876844	50	List_of_Sirius_XM_Radio_channels	'70s_on_7
	39196144	228	other	'71_(film)
44321327	39196144	12	The_Lazarus_Effect_(2015_film)	'71_(film)
296256	39196144	414	Jude_Law	'71_(film)
40789847	39196144	71	Killian_Scott	'71_(film)
15580374	39196144	252	Main_Page	'71_(film)
40972838	39196144	24	27th_European_Film_Awards	'71_(film)
42434203	39196144	45	1971_(disambiguation)	'71_(film)
	39196144	383	other-bing	'71_(film)
	39196144	817	other-wikipedia	'71_(film)
	39196144	351	other-yahoo	'71_(film)
	39196144	16231	other-google	'71_(film)
	39196144	47	other-twitter	'71_(film)
	39196144	1750	other-empty	'71_(film)
	39196144	26	other-facebook	'71_(film)
37386608	39196144	63	2015_in_film	'71_(film)
44298621	39196144	198	British_Independent_Film_Awards_2014	'71_(film)
41123438	39196144	116	Charlie_Murphy_(actress)	'71_(film)
42734097	39196144	158	Sam_Reid_(actor)	'71_(film)
41579194	39196144	368	List_of_British_films_of_2014	'71_(film)
331957	39196144	12	Park_Hill,_Sheffield	'71_(film)
20942452	39196144	108	The_Troubles_in_popular_culture	'71_(film)
2344306	39196144	432	Sean_Harris	'71_(film)
26398985	39196144	18	Valene_Kane	'71_(film)
41089234	39196144	87	64th_Berlin_International_Film_Festival	'71_(film)
15145951	39196144	6880	Jack_O'Connell_(actor)	'71_(film)
35550954	39196144	12	Jack_Lowden	'71_(film)
689620	39196144	32	Film4_Productions	'71_(film)
13431044	39196144	56	Gregory_Burke	'71_(film)
38345672	39196144	1059	71_(disambiguation)	'71_(film)
35283	39196144	30	71	'71_(film)
29033147	39196144	16	Cinema_of_Northern_Ireland	'71_(film)
8281421	39196144	112	List_of_films_set_in_Northern_Ireland	'71_(film)
34945859	39196144	63	Richard_Dormer	'71_(film)
10042488	39196144	128	List_of_films_featuring_the_Irish_Republican_Army	'71_(film)
3468985	39196144	53	List_of_war_films_and_TV_specials	'71_(film)
	42116178	89	other-empty	'76_(film)
	42116178	37	other-google	'76_(film)
	20983284	79	other-empty	'78
	23913510	54	other-empty	'78_Jumping_Summer_Carnival
	37764259	79	other-google	'80s_Robot
26110	37764259	41	List_of_fictional_robots_and_androids	'80s_Robot
	37764259	169	other-empty	'80s_Robot
274741	37764259	16	Statler_and_Waldorf	'80s_Robot
	37764259	16	other-wikipedia	'80s_Robot
7288088	37764259	28	Omnibot	'80s_Robot
19662663	37764259	21	List_of_Muppets	'80s_Robot
29370106	37764259	40	The_Muppets_(film)	'80s_Robot
38267543	37764259	42	Muppets_Most_Wanted	'80s_Robot
	5302649	133	other-empty	'80s_on_8
	5302649	103	other-google	'80s_on_8
619642	5302649	13	XM8_rifle	'80s_on_8
	5302649	12	other-wikipedia	'80s_on_8
37940355	5302649	69	List_of_Sirius_XM_Radio_channels	'80s_on_8
3876844	5302649	19	'70s_on_7	'80s_on_8
7004180	2233843	52	Motörhead_discography	'92_Tour_EP
	2233843	123	other-empty	'92_Tour_EP
2119554	2233843	404	March_ör_Die	'92_Tour_EP
	20811328	169	other-empty	'97_Bonnie_&_Clyde
	20811328	371	other-google	'97_Bonnie_&_Clyde
	20811328	12	other	'97_Bonnie_&_Clyde
4692883	20811328	14	Just_Don't_Give_a_Fuck	'97_Bonnie_&_Clyde
4429395	20811328	23	Eminem	'97_Bonnie_&_Clyde
3035318	20811328	134	'03_Bonnie_&_Clyde	'97_Bonnie_&_Clyde
2271827	20811328	159	My_Name_Is	'97_Bonnie_&_Clyde
16928716	20811328	315	Kim_(song)	'97_Bonnie_&_Clyde
	20811328	28	other-wikipedia	'97_Bonnie_&_Clyde
88725	20811328	27	Strange_Little_Girls	'97_Bonnie_&_Clyde
182021	20811328	419	The_Slim_Shady_LP	'97_Bonnie_&_Clyde
	20811328	11	other-bing	'97_Bonnie_&_Clyde
206956	20811328	237	Slim_Shady_EP	'97_Bonnie_&_Clyde
	2182611	52	other-google	'98_Live_Meltdown
3680365	2182611	236	Judas_Priest_discography	'98_Live_Meltdown
262477	2182611	23	Tim_"Ripper"_Owens	'98_Live_Meltdown
	2182611	164	other-empty	'98_Live_Meltdown
	2182611	38	other-wikipedia	'98_Live_Meltdown
34214790	2182611	18	Priest,_Live_and_Rare	'98_Live_Meltdown
168877	2182611	15	Judas_Priest	'98_Live_Meltdown
	2001051	13	other	'A'_You're_Adorable
	2001051	97	other-empty	'A'_You're_Adorable
	2001051	259	other-google	'A'_You're_Adorable
	2001051	14	other-bing	'A'_You're_Adorable
	28894499	43	other-empty	'A_morte_'e_Carnevale
	37807608	128	other-google	'A_vucchella
	37807608	55	other-empty	'A_vucchella
	29671148	109	other-empty	'Abd_Allah_ibn_'Amr_ibn_al-'As
	29671148	194	other-google	'Abd_Allah_ibn_'Amr_ibn_al-'As
30870773	29671148	16	'Amr_ibn_al-'As	'Abd_Allah_ibn_'Amr_ibn_al-'As
2933164	5438833	14	List_of_Muslim_scientists	'Abd_al-Hamīd_ibn_Turk
	5438833	31	other-wikipedia	'Abd_al-Hamīd_ibn_Turk
	5438833	114	other-empty	'Abd_al-Hamīd_ibn_Turk
	5438833	41	other-google	'Abd_al-Hamīd_ibn_Turk
3304216	5438833	80	Mathematics_in_medieval_Islam	'Abd_al-Hamīd_ibn_Turk
649861	5438833	18	Muḥammad_ibn_Mūsā_al-Khwārizmī	'Abd_al-Hamīd_ibn_Turk
	39316086	77	other-empty	'Abd_al-Hayy
	12594108	49	other-empty	'Abd_al-Majid_Nimer_Zaghmout
	12594108	11	other-google	'Abd_al-Majid_Nimer_Zaghmout
	2684485	82	other-empty	'Abd_al-Malik_of_Samanid
	1848572	135	other-empty	'Ad
	1848572	12	other	'Ad
	95754	82	other-empty	'Aho'eitu
	95754	17	other-google	'Aho'eitu
3155027	95754	43	Tuʻi_Tonga	'Aho'eitu
2828209	95754	15	Tuʻi_Tonga_Empire	'Aho'eitu
	34774248	477	other-google	'Ajde_Jano
	34774248	90	other-empty	'Ajde_Jano
	34774248	19	other	'Ajde_Jano
	34774248	27	other-wikipedia	'Ajde_Jano
31416318	34774248	12	East_Meets_East	'Ajde_Jano
1532305	34774248	19	List_of_Serbian_folk_songs	'Ajde_Jano
	1766908	159	other-google	'Ali_ibn_al-'Abbas_al-Majusi
	1766908	132	other-empty	'Ali_ibn_al-'Abbas_al-Majusi
2106879	1766908	20	Medicine_in_the_medieval_Islamic_world	'Ali_ibn_al-'Abbas_al-Majusi
	1766908	17	other-wikipedia	'Ali_ibn_al-'Abbas_al-Majusi
	430164	11656	other-google	'Allo_'Allo!
	430164	2663	other-empty	'Allo_'Allo!
	430164	331	other-twitter	'Allo_'Allo!
	430164	629	other-yahoo	'Allo_'Allo!
	430164	530	other	'Allo_'Allo!
2098951	430164	141	Vicki_Michelle	'Allo_'Allo!
35921968	430164	22	Robin_Parkinson	'Allo_'Allo!
20913980	430164	18	Sitcom	'Allo_'Allo!
1699417	430164	57	Rose_Hill_(actress)	'Allo_'Allo!
1375488	430164	164	Kenneth_Connor	'Allo_'Allo!
18960192	430164	30	Parody	'Allo_'Allo!
18950637	430164	20	List_of_television_programmes_broadcast_by_the_BBC	'Allo_'Allo!
14799461	430164	16	Nouvion	'Allo_'Allo!
15580374	430164	159	Main_Page	'Allo_'Allo!
8728749	430164	82	List_of_'Allo_'Allo!_episodes	'Allo_'Allo!
350793	430164	48	List_of_British_television_programmes	'Allo_'Allo!
2368065	430164	24	David_Griffin_(English_actor)	'Allo_'Allo!
7176029	430164	11	'Allo_'Allo!_(series_8)	'Allo_'Allo!
7135302	430164	15	'Allo_'Allo!_(series_5)	'Allo_'Allo!
2152931	430164	38	Captain_Hans_Geering	'Allo_'Allo!
212157	430164	30	BBC_One	'Allo_'Allo!
6826201	430164	127	Captain_Alberto_Bertorelli	'Allo_'Allo!
1199399	430164	453	Gorden_Kaye	'Allo_'Allo!
377646	430164	11	Hokey_cokey	'Allo_'Allo!
41480750	430164	14	Deaths_in_2014	'Allo_'Allo!
31790857	430164	55	In_the_Land_of_Blood_and_Honey	'Allo_'Allo!
4137934	430164	69	Francesca_Gonshaw	'Allo_'Allo!
3241221	430164	50	Gavin_Richards	'Allo_'Allo!
	430164	12	other-internal	'Allo_'Allo!
4256090	430164	44	Sue_Hodge	'Allo_'Allo!
10811440	430164	52	The_Return_of_'Allo_'Allo!	'Allo_'Allo!
7017289	430164	15	The_Best_of_'Allo_'Allo!	'Allo_'Allo!
	430164	901	other-bing	'Allo_'Allo!
2295943	430164	55	Secret_Army_(TV_series)	'Allo_'Allo!
	430164	693	other-wikipedia	'Allo_'Allo!
10959746	430164	79	The_Fallen_Madonna	'Allo_'Allo!
36358657	430164	33	List_of_World_War_II_TV_series	'Allo_'Allo!
7901094	430164	29	Officer_Crabtree	'Allo_'Allo!
29697498	430164	12	PBS	'Allo_'Allo!
5222866	430164	456	Roger_Kitter	'Allo_'Allo!
2215334	430164	89	Richard_Gibson	'Allo_'Allo!
2145698	430164	56	Lieutenant_Hubert_Gruber	'Allo_'Allo!
4424352	430164	49	Richard_Marner	'Allo_'Allo!
3728647	430164	112	Kim_Hartman	'Allo_'Allo!
1948089	430164	35	René_Artois	'Allo_'Allo!
1605074	430164	340	Ken_Morley	'Allo_'Allo!
1839359	430164	80	Heil_Honey_I'm_Home!	'Allo_'Allo!
6826226	430164	203	General_Leopold_von_Flockenstuffen	'Allo_'Allo!
41341036	430164	19	I'm_a_Celebrity...Get_Me_Out_of_Here!_(UK_series_14)	'Allo_'Allo!
44616	430164	48	British_sitcom	'Allo_'Allo!
5873094	430164	50	Herr_Otto_Flick	'Allo_'Allo!
2512959	430164	47	Hilary_Minster	'Allo_'Allo!
146550	430164	127	Hogan's_Heroes	'Allo_'Allo!
287289	430164	15	It_Ain't_Half_Hot_Mum	'Allo_'Allo!
4196762	430164	61	David_Janson	'Allo_'Allo!
482945	430164	18	Chesney_and_Wolfe	'Allo_'Allo!
7887065	430164	21	'Allo_'Allo!_(series_9)	'Allo_'Allo!
7016825	430164	17	Yvette_Carte-Blanche	'Allo_'Allo!
33625535	430164	29	List_of_catchphrases	'Allo_'Allo!
4424251	430164	18	Michelle_Dubois	'Allo_'Allo!
2407250	430164	27	Knackwurst	'Allo_'Allo!
2328126	430164	163	Sam_Kelly	'Allo_'Allo!
4196605	430164	11	John_D._Collins	'Allo_'Allo!
50030	430164	27	La_Marseillaise	'Allo_'Allo!
4256055	430164	40	Kirsten_Cooke	'Allo_'Allo!
4500300	430164	13	List_of_situation_comedies	'Allo_'Allo!
8935783	430164	42	List_of_BBC_sitcoms	'Allo_'Allo!
87380	430164	12	List_of_comedy_television_series	'Allo_'Allo!
592117	430164	140	Jeremy_Lloyd	'Allo_'Allo!
1536715	430164	19	List_of_television_programs_by_name	'Allo_'Allo!
6826248	430164	17	Private_Helga_Geerhart	'Allo_'Allo!
43809919	430164	67	Celebrity_Big_Brother_15	'Allo_'Allo!
3326364	430164	17	Edith_Artois	'Allo_'Allo!
2513185	430164	65	Guy_Siner	'Allo_'Allo!
2803303	430164	51	Arthur_Bostrom	'Allo_'Allo!
3820404	430164	13	Cross-dressing_in_film_and_television	'Allo_'Allo!
1220320	430164	150	Carmen_Silvera	'Allo_'Allo!
21346421	430164	13	Dad's_Army	'Allo_'Allo!
1418056	430164	34	Jack_Haig	'Allo_'Allo!
12627047	430164	24	Chloe_Dallimore	'Allo_'Allo!
254101	430164	137	David_Croft_(TV_producer)	'Allo_'Allo!
5398246	430164	22	Allô,_Allô	'Allo_'Allo!
6401200	430164	18	'Allo_'Allo!_(series_1)	'Allo_'Allo!
4171607	430164	11	Dear_Deidre	'Allo_'Allo!
6826077	430164	13	General_Von_Klinkerhoffen	'Allo_'Allo!
6401200	6825578	24	'Allo_'Allo!_(series_1)	'Allo_'Allo!_(series_2)
6826248	6825578	18	Private_Helga_Geerhart	'Allo_'Allo!_(series_2)
430164	6825578	63	'Allo_'Allo!	'Allo_'Allo!_(series_2)
8728749	6825578	154	List_of_'Allo_'Allo!_episodes	'Allo_'Allo!_(series_2)
	6825578	87	other-empty	'Allo_'Allo!_(series_2)
	6825578	124	other-google	'Allo_'Allo!_(series_2)
7901094	6825578	21	Officer_Crabtree	'Allo_'Allo!_(series_2)
6826226	7135302	32	General_Leopold_von_Flockenstuffen	'Allo_'Allo!_(series_5)
	7135302	14	other	'Allo_'Allo!_(series_5)
8728749	7135302	271	List_of_'Allo_'Allo!_episodes	'Allo_'Allo!_(series_5)
430164	7135302	49	'Allo_'Allo!	'Allo_'Allo!_(series_5)
6826248	7135302	11	Private_Helga_Geerhart	'Allo_'Allo!_(series_5)
6836892	7135302	34	'Allo_'Allo!_(series_4)	'Allo_'Allo!_(series_5)
	7135302	169	other-google	'Allo_'Allo!_(series_5)
	7135302	154	other-empty	'Allo_'Allo!_(series_5)
	7135302	16	other-wikipedia	'Allo_'Allo!_(series_5)
430164	7176029	45	'Allo_'Allo!	'Allo_'Allo!_(series_8)
8728749	7176029	144	List_of_'Allo_'Allo!_episodes	'Allo_'Allo!_(series_8)
1715659	7176029	14	Michael_Sheard	'Allo_'Allo!_(series_8)
	7176029	102	other-google	'Allo_'Allo!_(series_8)
	7176029	102	other-empty	'Allo_'Allo!_(series_8)
7175807	7176029	25	'Allo_'Allo!_(series_7)	'Allo_'Allo!_(series_8)
	24791293	52	other-empty	'Amr_ibn_Adi
716794	24791293	25	Lakhmids	'Amr_ibn_Adi
	19786420	165	other-empty	'Anin
	19786420	29	other-google	'Anin
	21025324	189	other-empty	'Aoa
	4278697	204	other-empty	'Aparima
	4278697	38	other-google	'Aparima
	43656149	169	other-empty	'Apepi
97227	43656149	31	Apophis	'Apepi
1114299	43656149	14	List_of_pharaohs	'Apepi
97228	43656149	39	Apep	'Apepi
	43656149	15	other-google	'Apepi
2447215	43656149	29	Fourteenth_Dynasty_of_Egypt	'Apepi
783	43656149	231	Alexander_the_Great	'Apepi
	15664334	16	other-google	'Aqqaba
	15664334	53	other-empty	'Aqqaba
	10487557	52	other-empty	'Ara
	18529960	62	other-empty	'Arab_al-Jahalin
	18529960	23	other-google	'Arab_al-Jahalin
	18529960	11	other-wikipedia	'Arab_al-Jahalin
	18170283	56	other-empty	'Arab_al-Rashayida
	8310679	32	other-google	'Are'are_people
	8310679	76	other-empty	'Are'are_people
	468723	730	other-empty	'Asir_Region
	468723	12	other	'Asir_Region
349303	468723	346	Saudi_Arabia	'Asir_Region
184235	468723	20	Hejaz	'Asir_Region
3031111	468723	27	Greater_Yemen	'Asir_Region
	468723	814	other-google	'Asir_Region
468738	468723	167	Regions_of_Saudi_Arabia	'Asir_Region
10195174	468723	15	Asir_Province	'Asir_Region
2575443	468723	46	South_Arabia	'Asir_Region
	468723	300	other-wikipedia	'Asir_Region
14444949	468723	12	List_of_governorates_of_Saudi_Arabia	'Asir_Region
	16684126	75	other-empty	'Atara
	16684126	43	other-google	'Atara
	21025426	172	other-empty	'Au'asi
	6039992	50	other-empty	'Auhelawa_language
	31135597	68	other-empty	'Azazme
469430	31135597	14	Meir_Har-Zion	'Azazme
61770	31135597	28	Bedouin	'Azazme
43947750	28096433	12	Deaths_in_October_2014	'Elisiva_Fusipala_Vaha'i
880578	28096433	59	List_of_Latter_Day_Saints	'Elisiva_Fusipala_Vaha'i
	28096433	23	other-google	'Elisiva_Fusipala_Vaha'i
	28096433	50	other-empty	'Elisiva_Fusipala_Vaha'i
	6866038	30	other-empty	'Emeq_HayYarden_Regional_Council
	10027092	46	other-empty	'Eua_Airport
	10027092	14	other-google	'Eua_Airport
2156210	10027092	16	Fuaʻamotu_International_Airport	'Eua_Airport
8808382	10027092	18	List_of_airports_in_Tonga	'Eua_Airport
43033048	10027092	14	Real_Tonga	'Eua_Airport
	7146269	54	other-empty	'Ilima_Lei_Tohi
	7146269	15	other-google	'Ilima_Lei_Tohi
1744053	7146269	91	George_Tupou_V	'Ilima_Lei_Tohi
	42294709	121	other-empty	'Illish
	25859040	38	other-empty	'Makholane
	2576869	108	other-empty	'Mazing_Man
16757649	2576869	18	Batman:_The_Brave_and_the_Bold	'Mazing_Man
1012051	2576869	23	Ambush_Bug	'Mazing_Man
	2576869	74	other-google	'Mazing_Man
1539268	2576869	25	Justice_Leagues	'Mazing_Man
21855996	2576869	81	List_of_Batman:_The_Brave_and_the_Bold_characters	'Mazing_Man
1225639	2576869	17	Amazing-Man_(DC_Comics)	'Mazing_Man
	39279389	60	other-empty	'Merika
	39279389	57	other-google	'Merika
	9983234	65	other-empty	'Monsewer'_Eddie_Gray
1393313	9983234	42	The_Crazy_Gang	'Monsewer'_Eddie_Gray
	9983234	26	other-google	'Monsewer'_Eddie_Gray
8626700	9983234	22	Edward_Gray	'Monsewer'_Eddie_Gray
	13837343	13	other-wikipedia	'N_Beetje_Verliefd
	13837343	48	other-empty	'N_Beetje_Verliefd
	3784090	50	other-empty	'N_Crugu_Bradului
3784079	3784090	12	Măiastru_Sfetnic	'N_Crugu_Bradului
	3784090	11	other-google	'N_Crugu_Bradului
1329581	3784090	67	Negură_Bunget	'N_Crugu_Bradului
	41265433	31	other-empty	'N_Everything
	17482228	15	other-google	'Nak'waxda'xw
	17482228	42	other-empty	'Nak'waxda'xw
	11104965	60	other-empty	'Namgis
	11104965	16	other-google	'Namgis
	44944	1329	other-empty	'Ndrangheta
	44944	251	other	'Ndrangheta
40898752	44944	47	Turkish_mafia	'Ndrangheta
6788162	44944	32	San_Luca	'Ndrangheta
12790218	44944	19	San_Luca_feud	'Ndrangheta
893141	44944	1188	Sicilian_Mafia	'Ndrangheta
37257	44944	56	Radioactive_waste	'Ndrangheta
218449	44944	39	Illegal_drug_trade	'Ndrangheta
44772	44944	191	Calabria	'Ndrangheta
7053809	44944	20	Banda_della_Magliana	'Ndrangheta
1760929	44944	182	Consigliere	'Ndrangheta
28881452	44944	11	Commisso_'ndrina	'Ndrangheta
14532	44944	81	Italy	'Ndrangheta
14716183	44944	20	Article_41-bis_prison_regime	'Ndrangheta
5887241	44944	19	Crime_family	'Ndrangheta
4739591	44944	30	Matteo_Messina_Denaro	'Ndrangheta
23949994	44944	16	List_of_victims_of_the_'Ndrangheta	'Ndrangheta
17588523	44944	12	Organised_crime_in_Australia	'Ndrangheta
2642213	44944	408	Los_Zetas	'Ndrangheta
413447	44944	121	Russian_mafia	'Ndrangheta
1687158	44944	32	John_Paul_Getty_III	'Ndrangheta
12425600	44944	68	Roberto_Saviano	'Ndrangheta
25447243	44944	30	Rizzuto_crime_family	'Ndrangheta
33766412	44944	23	Monti_Cabinet	'Ndrangheta
14238896	44944	48	List_of_most_wanted_fugitives_in_Italy	'Ndrangheta
2738057	44944	209	Racket_(crime)	'Ndrangheta
5103635	44944	18	Serbian_mafia	'Ndrangheta
	44944	118	other-bing	'Ndrangheta
	44944	352	other-wikipedia	'Ndrangheta
24456238	44944	81	Toxic_waste_dumping_by_the_'Ndrangheta	'Ndrangheta
20749479	44944	14	Giuseppe_De_Stefano	'Ndrangheta
44945	44944	183	Camorra	'Ndrangheta
80408	44944	39	Gang	'Ndrangheta
3434023	44944	14	Crips	'Ndrangheta
2599273	44944	15	Garduña	'Ndrangheta
44654547	44944	13	2014_Rome_corruption_scandal	'Ndrangheta
7956434	44944	20	Cosca	'Ndrangheta
17004063	44944	13	'Ndrina	'Ndrangheta
71996	44944	63	BlackBerry	'Ndrangheta
3294160	44944	36	Gulf_Cartel	'Ndrangheta
17595536	44944	18	Honoured_Society_(Australia)	'Ndrangheta
16893536	44944	45	Pizzo_(extortion)	'Ndrangheta
15580374	44944	18	Main_Page	'Ndrangheta
31589515	44944	11	Pesce_'ndrina	'Ndrangheta
29113939	44944	64	Musitano_crime_family	'Ndrangheta
322492	44944	383	Omertà	'Ndrangheta
	44944	4452	other-google	'Ndrangheta
	44944	92	other-yahoo	'Ndrangheta
	44944	48	other-twitter	'Ndrangheta
	44944	14	other-facebook	'Ndrangheta
18293303	44944	233	American_Mafia	'Ndrangheta
16741394	44944	23	Addiopizzo	'Ndrangheta
19457382	44944	18	Casalesi_clan	'Ndrangheta
7049347	44944	245	Albanian_mafia	'Ndrangheta
4741500	44944	133	Capo_di_tutti_capi	'Ndrangheta
11931890	44944	151	List_of_Mafia_crime_families	'Ndrangheta
24995583	44944	37	Salvatore_Riina	'Ndrangheta
8442323	44944	133	Mexican_Drug_War	'Ndrangheta
36438408	44944	43	Penose	'Ndrangheta
569097	44944	26	Melbourne_gangland_killings	'Ndrangheta
22625	44944	17	Organized_crime	'Ndrangheta
18092893	44944	21	Narco-submarine	'Ndrangheta
44946	44944	133	Sacra_Corona_Unita	'Ndrangheta
594156	44944	375	Mafia	'Ndrangheta
4697441	44944	256	Organized_crime_in_Italy	'Ndrangheta
28356323	44944	41	List_of_criminal_enterprises,_gangs_and_syndicates	'Ndrangheta
16666182	44944	20	Pasquale_Condello	'Ndrangheta
28880433	44944	40	Siderno_Group	'Ndrangheta
17587371	44944	21	The_Carlton_Crew	'Ndrangheta
	17004063	13	other-wikipedia	'Ndrina
	17004063	52	other-empty	'Ndrina
	17004063	39	other-google	'Ndrina
	4470803	2385	other-google	'Nduja
	4470803	13	other-twitter	'Nduja
42319799	4470803	76	List_of_sausages	'Nduja
8292088	4470803	66	Salumi	'Nduja
44772	4470803	177	Calabria	'Nduja
	4470803	494	other	'Nduja
	4470803	383	other-empty	'Nduja
	4470803	66	other-wikipedia	'Nduja
43977806	4470803	27	Spaghetti_alla_chitarra	'Nduja
74225	4470803	15	Chili_pepper	'Nduja
43820205	43849059	16	List_of_Sicilian_dishes	'Nzuddi
	43849059	97	other-empty	'Nzuddi
	11380494	159	other-empty	'O'_Level
	11380494	19	other	'O'_Level
10356587	11380494	12	Ed_Ball_(musician)	'O'_Level
	11380494	111	other-google	'O'_Level
	40910766	31	other-google	'O_Re
	40910766	59	other-empty	'O_Re
309149	40910766	20	Ornella_Muti	'O_Re
	6633966	15	other	'Obby_'Oss_festival
19829	6633966	12	May_Day	'Obby_'Oss_festival
25135	6633966	12	Padstow	'Obby_'Oss_festival
	6633966	144	other-empty	'Obby_'Oss_festival
	6633966	287	other-google	'Obby_'Oss_festival
410910	6633966	18	Furry_Dance	'Obby_'Oss_festival
1448917	6633966	12	Cornish_hurling	'Obby_'Oss_festival
	6633966	16	other-bing	'Obby_'Oss_festival
	6633966	17	other-wikipedia	'Obby_'Oss_festival
	21979919	66	other-google	'Orfi_Shirazi
	21979919	101	other-empty	'Orfi_Shirazi
19413849	10605105	26	Cactus_V	'Ot_'n'_Sweaty
4872182	10605105	278	Cactus_(band)	'Ot_'n'_Sweaty
15681603	10605105	127	Restrictions_(album)	'Ot_'n'_Sweaty
	10605105	65	other-google	'Ot_'n'_Sweaty
	10605105	46	other-empty	'Ot_'n'_Sweaty
	175149	2128	other-google	'Pataphysics
	175149	96	other-facebook	'Pataphysics
	175149	957	other-empty	'Pataphysics
	175149	42	other-yahoo	'Pataphysics
	175149	18	other-twitter	'Pataphysics
	175149	132	other	'Pataphysics
3550215	175149	258	Siné	'Pataphysics
85248	175149	55	Theatre_of_the_Absurd	'Pataphysics
414224	175149	12	Syzygy	'Pataphysics
23500018	175149	19	Exploits_and_Opinions_of_Dr._Faustroll,_Pataphysician	'Pataphysics
10452199	175149	12	11th_dimension	'Pataphysics
80003	175149	49	Satrap	'Pataphysics
1481954	175149	344	Maxwell's_Silver_Hammer	'Pataphysics
25430519	175149	411	Naming_law_in_Sweden	'Pataphysics
53705	175149	35	Oulipo	'Pataphysics
36797	175149	51	Occam's_razor	'Pataphysics
15580374	175149	12	Main_Page	'Pataphysics
	175149	181	other-wikipedia	'Pataphysics
	175149	53	other-bing	'Pataphysics
54303	175149	18	Raymond_Queneau	'Pataphysics
14060212	175149	64	Adynaton	'Pataphysics
231187	175149	27	Jean_Baudrillard	'Pataphysics
233013	175149	124	Absurdism	'Pataphysics
5785825	175149	26	Experimental_literature	'Pataphysics
1869	175149	39	Alfred_Jarry	'Pataphysics
	24799628	87	other-empty	'R_Xmas
	24799628	39	other-google	'R_Xmas
3156456	24799628	54	Lillo_Brancato,_Jr.	'R_Xmas
1508213	24799628	155	Abel_Ferrara	'R_Xmas
524637	24799628	54	Drea_de_Matteo	'R_Xmas
	24799628	19	other-wikipedia	'R_Xmas
14709	24799628	24	Ice-T	'R_Xmas
16207988	24799628	12	2001_Cannes_Film_Festival	'R_Xmas
	31437155	39	other-empty	'Round_Here
	36653892	55	other-empty	'Round_Midnight_(Kenny_Burrell_album)
	36653892	21	other-google	'Round_Midnight_(Kenny_Burrell_album)
34808547	36653892	13	God_Bless_the_Child_(Kenny_Burrell_album)	'Round_Midnight_(Kenny_Burrell_album)
787997	36653892	50	Kenny_Burrell	'Round_Midnight_(Kenny_Burrell_album)
3944250	36653892	19	Joe_Sample	'Round_Midnight_(Kenny_Burrell_album)
208397	3617472	79	Kimba_the_White_Lion	'Round_Springfield
292279	3617472	64	List_of_recurring_The_Simpsons_characters	'Round_Springfield
140332	3617472	210	List_of_The_Simpsons_episodes	'Round_Springfield
1685057	3617472	13	Mike_Reiss	'Round_Springfield
4939408	3617472	50	The_Simpsons_(season_6)	'Round_Springfield
2896654	3617472	32	The_PTA_Disbands	'Round_Springfield
144196	3617472	22	Steve_Allen	'Round_Springfield
	3617472	552	other-google	'Round_Springfield
	3617472	144	other-empty	'Round_Springfield
2911415	3617472	21	The_Springfield_Connection	'Round_Springfield
7514823	3617472	31	Jazzman	'Round_Springfield
654897	3617472	16	Groundskeeper_Willie	'Round_Springfield
654179	3617472	111	Cheese-eating_surrender_monkeys	'Round_Springfield
	3617472	44	other-wikipedia	'Round_Springfield
958499	3617472	24	Ron_Taylor_(actor)	'Round_Springfield
	26261024	33	other-empty	'Round_the_Square
	3024203	53	other-empty	'Round_the_World_with_the_Rubber_Duck
	3024203	25	other-google	'Round_the_World_with_the_Rubber_Duck
1793236	3024203	105	Convoy_(song)	'Round_the_World_with_the_Rubber_Duck
582735	3024203	34	C._W._McCall	'Round_the_World_with_the_Rubber_Duck
	6637811	62	other-empty	'S_Up
75210	6637811	48	Bottom_(TV_series)	'S_Up
	6637811	41	other-google	'S_Up
6637569	6637811	14	Apocalypse_(Bottom)	'S_Up
7839308	30202121	19	'S_Wonderful	'S_Wonderful_(album)
	30202121	46	other-google	'S_Wonderful_(album)
	30202121	45	other-empty	'S_Wonderful_(album)
	4115416	36	other-google	'Sang_Linggo_nAPO_Sila
30864663	4115416	24	ASAP_(variety_show)	'Sang_Linggo_nAPO_Sila
3323036	4115416	18	Eat_Bulaga!	'Sang_Linggo_nAPO_Sila
	4115416	11	other-wikipedia	'Sang_Linggo_nAPO_Sila
13908582	4115416	34	Sa_Linggo_nAPO_Sila	'Sang_Linggo_nAPO_Sila
	4115416	103	other-empty	'Sang_Linggo_nAPO_Sila
26720865	22313279	88	Limbo_(video_game)	'Splosion_Man
29870079	22313279	66	Ms._Splosion_Man	'Splosion_Man
25058922	22313279	30	List_of_video_game_exclusives_(seventh_generation)	'Splosion_Man
	22313279	148	other-empty	'Splosion_Man
	22313279	260	other-google	'Splosion_Man
287165	22313279	29	Halo:_Combat_Evolved	'Splosion_Man
11996175	22313279	48	List_of_cooperative_games_for_the_Xbox_360	'Splosion_Man
456838	22313279	36	Microsoft_Studios	'Splosion_Man
	22313279	17	other	'Splosion_Man
22313520	22313279	97	Twisted_Pixel_Games	'Splosion_Man
23895943	22313279	13	Trials_HD	'Splosion_Man
	22313279	30	other-wikipedia	'Splosion_Man
	22313279	11	other-bing	'Splosion_Man
42304709	22313279	218	List_of_Games_with_Gold_games	'Splosion_Man
14470168	22313279	67	List_of_Xbox_Live_Arcade_games	'Splosion_Man
6311671	11451475	112	Jon_Oliva's_Pain	'Tage_Mahal
	11451475	49	other-empty	'Tage_Mahal
	11335836	36	other-empty	'The_Half_of_It,_Dearie'_Blues
	11335836	11	other-google	'The_Half_of_It,_Dearie'_Blues
	19162302	43	other-empty	'The_Masterwork'_Award_Winning_Fish-Knife
3830408	3857354	110	Penumbra_(Star_Trek:_Deep_Space_Nine)	'Til_Death_Do_Us_Part_(Star_Trek:_Deep_Space_Nine)
148217	3857354	82	List_of_Star_Trek:_Deep_Space_Nine_episodes	'Til_Death_Do_Us_Part_(Star_Trek:_Deep_Space_Nine)
255801	3857354	13	Breen_(Star_Trek)	'Til_Death_Do_Us_Part_(Star_Trek:_Deep_Space_Nine)
	3857354	51	other-empty	'Til_Death_Do_Us_Part_(Star_Trek:_Deep_Space_Nine)
8075568	3699036	38	Till_Death_Do_Us_Part	'Til_Death_Do_Us_Part_(U.S._TV_series)
	3699036	82	other-empty	'Til_Death_Do_Us_Part_(U.S._TV_series)
	3699036	165	other-google	'Til_Death_Do_Us_Part_(U.S._TV_series)
20233736	3699036	22	Until_Death_Do_Us_Part	'Til_Death_Do_Us_Part_(U.S._TV_series)
34149631	3699036	14	List_of_programs_broadcast_by_TruTV	'Til_Death_Do_Us_Part_(U.S._TV_series)
634064	3699036	12	John_Waters	'Til_Death_Do_Us_Part_(U.S._TV_series)
20214743	3699036	13	Jeff_Lieberman	'Til_Death_Do_Us_Part_(U.S._TV_series)
13909814	3699036	25	Anna_Silk	'Til_Death_Do_Us_Part_(U.S._TV_series)
	3699036	65	other-wikipedia	'Til_Death_Do_Us_Part_(U.S._TV_series)
	28185628	44	other-empty	'Til_Love_Comes_Again
	34646653	39	other-empty	'Til_Nothing_Comes_Between_Us
	24998787	61	other-empty	'Til_Summer_Comes_Around
1574157	24998787	22	Keith_Urban	'Til_Summer_Comes_Around
	24998787	69	other-google	'Til_Summer_Comes_Around
21252775	24998787	20	Defying_Gravity_(Keith_Urban_album)	'Til_Summer_Comes_Around
8481491	24998787	13	Keith_Urban_discography	'Til_Summer_Comes_Around
23271236	24998787	15	Only_You_Can_Love_Me_This_Way	'Til_Summer_Comes_Around
	17841580	354	other-google	'Til_There_Was_You
	17841580	159	other-empty	'Til_There_Was_You
	17841580	29	other-yahoo	'Til_There_Was_You
10449888	17841580	19	List_of_Paramount_Pictures_films	'Til_There_Was_You
1553674	17841580	12	Lakeshore_Entertainment	'Til_There_Was_You
2384496	17841580	23	John_Hawkes_(actor)	'Til_There_Was_You
1027645	17841580	103	Jeanne_Tripplehorn	'Til_There_Was_You
2324520	17841580	14	Craig_Bierko	'Til_There_Was_You
657111	17841580	35	Madeline_Zima	'Til_There_Was_You
1668613	17841580	45	Kasi_Lemmons	'Til_There_Was_You
507993	17841580	19	Karen_Allen	'Til_There_Was_You
656549	17841580	229	Dylan_McDermott	'Til_There_Was_You
36643710	17841580	120	Sarah_Jessica_Parker_filmography	'Til_There_Was_You
	17841580	25	other	'Til_There_Was_You
	17841580	30	other-bing	'Til_There_Was_You
18226224	17841580	76	Till_There_Was_You_(disambiguation)	'Til_There_Was_You
	17841580	21	other-wikipedia	'Til_There_Was_You
1388921	17841580	16	Jack_Kruschen	'Til_There_Was_You
36643807	17841580	398	Jennifer_Aniston_filmography	'Til_There_Was_You
	12341238	53	other-empty	'Til_Tomorrow
1769580	12341238	24	Midnight_Love	'Til_Tomorrow
11147829	12341238	12	My_Love_Is_Waiting	'Til_Tomorrow
	12341238	27	other-google	'Til_Tomorrow
	162138	2228	other-google	'Til_Tuesday
	162138	187	other-yahoo	'Til_Tuesday
	162138	417	other-empty	'Til_Tuesday
293046	162138	416	Aimee_Mann	'Til_Tuesday
	162138	100	other	'Til_Tuesday
1056233	162138	119	Voices_Carry	'Til_Tuesday
19109885	162138	15	Aimee_Mann_discography	'Til_Tuesday
15580374	162138	16	Main_Page	'Til_Tuesday
24224867	162138	78	Voices_Carry_(song)	'Til_Tuesday
	162138	158	other-bing	'Til_Tuesday
	162138	77	other-wikipedia	'Til_Tuesday
2296056	162138	12	Sky_High_(2005_film)	'Til_Tuesday
	41307572	68	other-empty	'Til_Your_River_Runs_Dry
	41307572	56	other-google	'Til_Your_River_Runs_Dry
12120000	41307572	43	27_Club	'Til_Your_River_Runs_Dry
18631861	41307572	164	Eric_Burdon_discography	'Til_Your_River_Runs_Dry
22687294	31446057	12	Greatest_Hits_(Keith_Whitley_album)	'Til_a_Tear_Becomes_a_Rose
431125	31446057	22	Keith_Whitley	'Til_a_Tear_Becomes_a_Rose
	31446057	33	other-google	'Til_a_Tear_Becomes_a_Rose
	31446057	59	other-empty	'Til_a_Tear_Becomes_a_Rose
	4083459	65	other-empty	'Til_the_End_of_Forever
4083423	4083459	68	Vintage_(Michael_Bolton_album)	'Til_the_End_of_Forever
4733476	4083459	15	Bolton_Swings_Sinatra	'Til_the_End_of_Forever
17068461	4083459	70	Michael_Bolton_discography	'Til_the_End_of_Forever
551974	4083459	61	Michael_Bolton	'Til_the_End_of_Forever
	4083459	26	other-google	'Til_the_End_of_Forever
	9814597	27	other-google	'Tis_Harry_I'm_Plannin'_to_Marry
	9814597	33	other-empty	'Tis_Harry_I'm_Plannin'_to_Marry
